"","MonitoringLocationIdentifier","Avg","Max","LatestSample","totalSamples"
"1","21MICH_WQX-010078",76.6103791469194,1413.6,2013-08-13,214
"2","21MICH_WQX-010083",22.2096951219512,770.1,2013-08-13,214
"3","21MICH_WQX-010085",30.1997142857143,690.59,2013-08-13,223
"4","21MICH_WQX-010100",28.3787640449438,290.9,2011-08-23,97
"5","21MICH_WQX-020110",10.18484375,156,2012-05-23,64
"6","21MICH_WQX-020111",12.298347826087,104,2012-09-04,115
"7","21MICH_WQX-020117",27.3208474576271,316,2012-09-04,59
"8","21MICH_WQX-020118",50,50,2007-08-02,1
"9","21MICH_WQX-040141",19.1208139534884,496,2013-08-26,174
"10","21MICH_WQX-040142",16.2814814814815,231,2013-08-26,136
"11","21MICH_WQX-040144",21.0785802469136,253.2,2013-08-26,165
"12","21MICH_WQX-050236",18.2272727272727,73.5,2011-09-12,11
"13","21MICH_WQX-060122",504.046981132075,2419.6,2013-06-20,64
"14","21MICH_WQX-060126",45.8594117647059,137.6,2013-04-11,17
"15","21MICH_WQX-060128",694.614117647059,2419.6,2013-04-11,37
"16","21MICH_WQX-060130",45.5672,166.4,2013-04-11,25
"17","21MICH_WQX-060132",25.1314285714286,69.7,2013-04-11,21
"18","21MICH_WQX-060154",54.5051724137931,488.4,2013-08-20,61
"19","21MICH_WQX-060155",50.5327118644068,410.6,2013-08-20,61
"20","21MICH_WQX-060156",116.513275862069,727,2013-08-20,61
"21","21MICH_WQX-100198",42.9725954198473,320,2014-08-18,188
"22","21MICH_WQX-100212",29.2801639344262,120,2010-08-30,80
"23","21MICH_WQX-100213",22.9180120481928,120,2014-08-26,214
"24","21MICH_WQX-100214",34.4974418604651,290,2010-08-30,80
"25","21MICH_WQX-110698",163.297115384615,4900,2013-09-09,61
"26","21MICH_WQX-150207",9.785,33.9,2007-08-29,10
"27","21MICH_WQX-150210",47.7571428571429,162.4,2009-09-04,8
"28","21MICH_WQX-150211",38.275,130.4,2009-09-04,8
"29","21MICH_WQX-150227",70.925,368.1,2007-08-30,10
"30","21MICH_WQX-150242",38.04,92.5,2009-09-04,8
"31","21MICH_WQX-160194",43.2470542635659,1178.4,2013-08-27,141
"32","21MICH_WQX-160195",37.4758646616541,452.1,2013-08-27,135
"33","21MICH_WQX-160198",43.6402127659575,435.2,2013-08-27,141
"34","21MICH_WQX-160199",43.3972661870504,2121.3,2013-08-27,141
"35","21MICH_WQX-170182",30.3961290322581,410.6,2012-08-22,101
"36","21MICH_WQX-170183",25.2016486486486,488.4,2013-07-22,411
"37","21MICH_WQX-170184",31.0601288659794,816.4,2013-07-22,428
"38","21MICH_WQX-170189",12.6724489795918,135.4,2012-08-22,110
"39","21MICH_WQX-170190",34.6364485981308,547.5,2012-08-22,116
"40","21MICH_WQX-170265",92.4937931034483,1986.3,2012-08-22,118
"41","21MICH_WQX-240153",3.276,11.22,2007-08-27,10
"42","21MICH_WQX-310429",8.30421052631579,26.2,2013-08-14,38
"43","21MICH_WQX-350196",37.2124081632653,1986.3,2013-08-13,274
"44","21MICH_WQX-350198",17.3011304347826,517.2,2013-08-13,254
"45","21MICH_WQX-350200",27.5664534883721,727,2013-08-13,183
"46","21MICH_WQX-450204",32.8535849056604,260,2010-08-30,81
"47","21MICH_WQX-450208",43.2425,260,2010-08-30,80
"48","21MICH_WQX-450210",45.3513725490196,330,2014-08-18,194
"49","21MICH_WQX-450211",31.5323529411765,200,2014-08-18,182
"50","21MICH_WQX-450214",60.6284615384615,450,2014-08-25,188
"51","21MICH_WQX-490135",48.0448760330579,1553.1,2014-07-16,133
"52","21MICH_WQX-490138",52.9822413793103,1119.9,2012-09-11,119
"53","21MICH_WQX-490145",115.17406779661,2419.6,2012-09-11,124
"54","21MICH_WQX-490148",150.515,1413.6,2012-09-11,137
"55","21MICH_WQX-500476",424.035653798257,2419.6,2011-09-28,817
"56","21MICH_WQX-550160",4.4375,5.2,2012-06-26,4
"57","21MICH_WQX-580463",31,104,2008-06-23,7
"58","21MICH_WQX-610672",83.6666666666667,155,2011-08-17,3
"59","21MICH_WQX-640241",95.69640625,1300,2009-07-13,65
"60","21MICH_WQX-640303",2.1775,5,2009-07-13,4
"61","21MICH_WQX-700593",45.4108544303798,1414,2013-08-27,345
"62","21MICH_WQX-710093",16.1342857142857,61.7,2009-09-08,14
"63","21MICH_WQX-710095",18.6782389937107,214.97,2013-08-28,162
"64","21MICH_WQX-710096",2.85790849673203,106,2013-08-21,156
"65","21MICH_WQX-710123",10.624,148,2013-08-21,147
"66","21MICH_WQX-710124",3.6,3.6,2008-06-03,1
"67","21MICH_WQX-710127",1.2,1.2,2008-06-03,1
"68","21MICH_WQX-740400",43.7143534482759,1299.7,2014-08-25,480
"69","21MICH_WQX-740403",8.76540481400438,137.4,2014-08-25,466
"70","21MICH_WQX-740405",37.9273568281938,727,2014-08-25,492
"71","21MICH_WQX-740406",22.2224628450106,365.4,2014-08-25,493
"72","21MICH_WQX-740410",72.4676857749469,1986.3,2014-08-25,482
"73","21MICH_WQX-740411",31.9882705099778,613.1,2014-08-25,465
"74","21MICH_WQX-740413",30.1696696035242,2419.2,2014-08-25,489
"75","21MICH_WQX-770098",68.7412429378531,2265.57,2013-06-11,191
"76","21MICH_WQX-770100",116.16691011236,1986.3,2013-09-10,189
"77","21MICH_WQX-821497",342.539411764706,2757,2009-08-31,81
"78","BMIC_WQX-BB",4.86666666666667,20.1,2014-09-09,18
"79","BMIC_WQX-BBDP",5.4875,17.5,2014-09-09,18
"80","BMIC_WQX-BBWR",52.1875,601.5,2014-09-09,21
"81","BMIC_WQX-BP1",125.894117647059,1413.6,2014-08-27,39
"82","BMIC_WQX-BP_1",157.479,1986.3,2011-08-31,106
"83","BMIC_WQX-BP2",152.41935483871,1732.9,2014-08-27,34
"84","BMIC_WQX-BP_2",130.903448275862,2419.6,2011-08-31,92
"85","BMIC_WQX-BP3",99.9515151515152,1732.9,2014-08-27,34
"86","BMIC_WQX-BP_3",111.745348837209,2419.6,2011-08-31,90
"87","BMIC_WQX-BP_A",14.7,17.3,2008-08-21,3
"88","BMIC_WQX-CCPOND",145.241176470588,980.4,2013-11-06,17
"89","BMIC_WQX-CLUBAB",174.294736842105,920.8,2014-09-03,19
"90","BMIC_WQX-CLUBBL",109.733333333333,488.4,2014-09-03,18
"91","BMIC_WQX-DEEP",20.94,62.4,2014-09-02,5
"92","BMIC_WQX-GUM1",56.0290322580645,203.5,2014-08-27,34
"93","BMIC_WQX-GUM_1",66.3703703703704,816.4,2011-08-31,89
"94","BMIC_WQX-GUM2",48.4379310344828,261.3,2014-08-27,31
"95","BMIC_WQX-GUM_2",70.7732394366197,1203.3,2011-08-31,79
"96","BMIC_WQX-GUM3",47.5290322580645,344.8,2014-08-27,33
"97","BMIC_WQX-GUM_3",77.0291666666667,920.8,2011-08-31,79
"98","BMIC_WQX-LNGMSH",14.46,18.1,2012-06-18,9
"99","BMIC_WQX-LONGM",4.65,5.2,2013-11-06,2
"100","BMIC_WQX-LWAB",206.777777777778,920.8,2014-09-15,18
"101","BMIC_WQX-LWBL",304.733333333333,1413.6,2014-09-15,18
"102","BMIC_WQX-MONLK",1.5,2,2013-11-06,13
"103","BMIC_WQX-NPOND",15.7733333333333,69.5,2013-11-06,17
"104","BMIC_WQX-PAR1",263.473684210526,920.8,2014-09-03,19
"105","BMIC_WQX-PAR2",216.355555555556,1046.2,2014-09-03,18
"106","BMIC_WQX-PARAB",73.3166666666667,410.6,2014-09-03,22
"107","BMIC_WQX-PARBL",240.845,770.1,2014-09-03,22
"108","BMIC_WQX-PONTY",902.55,2419.6,2014-09-02,4
"109","BMIC_WQX-PONTYS",313.1,1119.9,2012-06-20,13
"110","BMIC_WQX-SMRSH",25.8857142857143,235.9,2012-09-05,15
"111","BMIC_WQX-SPECLK",17.7352941176471,178.9,2014-09-02,20
"112","BMIC_WQX-SPOND",35.6928571428571,178.9,2013-11-06,17
"113","BMIC_WQX-SUGIS",2.36666666666667,7.3,2013-06-13,11
"114","BMIC_WQX-WET1",150.823529411765,686.7,2013-09-05,17
"115","BMIC_WQX-WET2",217.884615384615,1203.3,2013-11-06,16
"116","BMIC_WQX-WET3",175.44,686.7,2013-10-06,15
"117","BMIC_WQX-WHARF1",240.5,1203.3,2014-09-02,8
"118","BMIC_WQX-WHARF2",203.175,613.1,2013-09-05,4
"119","BMIC_WQX-WR",143.605882352941,870.4,2014-09-09,18
"120","BMIC_WQX-WR1A",491.1,866.4,2014-10-21,3
"121","BMIC_WQX-WR1B",51.55,60.9,2014-10-21,2
"122","BMIC_WQX-WR1C",59.75,65.7,2014-10-21,2
"123","BMIC_WQX-WR2A",14.85,21.1,2014-09-09,2
"124","BMIC_WQX-WR2B",21.35,22.8,2014-09-09,2
"125","BMIC_WQX-WR3",346.35,658.6,2014-08-28,2
"126","BMIC_WQX-WR4",302.133333333333,816.4,2014-10-21,4
"127","BMIC_WQX-WR5",321.266666666667,727,2014-10-21,3
"128","BMIC_WQX-WR6",954.7,1986.3,2014-10-21,4
"129","BMIC_WQX-WR7",946.26,2419.6,2014-10-21,5
"130","BMIC_WQX-WR8",187.95,325.5,2014-10-21,3
"131","BMIC_WQX-WR9",442.8,755.6,2014-10-21,3
"132","GNLK01_WQX-BC01",34,40,2011-02-23,2
"133","GNLK01_WQX-BC02",38,38,2011-02-23,1
"134","HANNAHWQ_WQX-SW-1",71.3807692307692,410,2015-08-11,27
"135","HANNAHWQ_WQX-SW-2",88.3814814814815,356,2015-08-11,28
"136","HANNAHWQ_WQX-SW-3",60.4166666666667,340,2015-07-15,24
"137","HANNAHWQ_WQX-SW-4",99.4208333333333,690,2015-08-11,25
"138","HANNAHWQ_WQX-SW-5",259.953571428571,2420,2015-08-11,28
"139","HANNAHWQ_WQX-SW-6",76.452,650,2015-08-11,26
"140","NOTTAWHURON_WQX-ICD-ST-40",793,830,2012-07-02,2
"141","NOTTAWHURON_WQX-ICD-ST-60",1011,1011,2012-07-02,1
"142","SAGIN01_WQX-Blank",0,0,2010-09-08,4
"143","SAGIN01_WQX-BROOMFIELD RD",22.9090909090909,50,2010-09-08,11
"144","SAGIN01_WQX-CHIP2",23.9210507282609,793.3,2015-09-29,92
"145","SAGIN01_WQX-CHIP4",73.9173260416667,1131.75,2015-09-29,96
"146","SAGIN01_WQX-CHIP7",478.876111111111,2005,2015-09-29,36
"147","SAGIN01_WQX-CHIP8",331.475381730769,7673.33,2015-09-29,104
"148","SAGIN01_WQX-CHIPPEWA RD",99.3166666666667,490,2010-09-08,12
"149","SAGIN01_WQX-CR1",445.737619047619,2005,2015-09-29,21
"150","SAGIN01_WQX-CR2",273.09380952381,1887.3,2015-09-29,21
"151","SAGIN01_WQX-CR3",218.35,1828.5,2015-09-29,21
"152","SAGIN01_WQX-CR4",108.637619047619,1440.5,2015-09-29,21
"153","SAGIN01_WQX-CR5",72.5009523809524,912.25,2015-09-29,21
"154","SAGIN01_WQX-D1",26.2666666666667,51,2012-10-16,45
"155","SAGIN01_WQX-D2",17.7906976744186,51,2012-10-16,43
"156","SAGIN01_WQX-GL",20.6807345132743,596,2015-09-29,113
"157","SAGIN01_WQX-LEATON RD",112.783333333333,510,2010-09-08,12
"158","SAGIN01_WQX-MERIDIAN RD",42.8333333333333,51,2010-10-13,6
"159","SAGIN01_WQX-MISSION RD",131,510,2010-10-08,12
"160","SAGIN01_WQX-NB1",23.9090909090909,51,2012-10-16,55
"161","SAGIN01_WQX-NB2",33.1521739130435,51,2012-10-16,46
"162","SAGIN01_WQX-NB3",33.2954545454545,51,2012-10-16,44
"163","SAGIN01_WQX-NB4",30.3111111111111,51,2012-10-16,45
"164","SAGIN01_WQX-NB5",40.9302325581395,51,2012-10-16,43
"165","SAGIN01_WQX-NB6",984.79716091954,18873.3,2015-09-29,87
"166","SAGIN01_WQX-OC1",2937.41633333333,13948,2015-09-29,21
"167","SAGIN01_WQX-PICKARD RD",78.25,220,2010-10-08,12
"168","SAGIN01_WQX-REMUS RD",103.25,360,2010-10-13,14
"169","SAGIN01_WQX-RIVER RD EAST",44.4,100,2010-09-08,11
"170","SAGIN01_WQX-RIVER RD WEST",27.1909090909091,51,2010-09-08,11
"171","SAGIN01_WQX-ROLLAND RD",56.3076923076923,140,2010-09-08,13
"172","SAGIN01_WQX-SC2",662.174166666667,1769.67,2014-09-18,12
"173","SAGIN01_WQX-SC4",133.889166666667,691,2014-09-18,12
"174","SAGIN01_WQX-SC5",289.509090909091,1828.5,2014-09-18,11
"175","SAGIN01_WQX-SC6",409.666363636364,2005,2014-09-18,11
"176","SAGIN01_WQX-SC7",283.54,393.75,2014-06-11,2
"177","SAGIN01_WQX-SCHOOL RD",25.9090909090909,51,2010-09-08,12
"178","SAGIN01_WQX-VANDECAR RD",36.8333333333333,90,2009-09-10,6
"179","SAGIN01_WQX-WORTH RD",86.3333333333333,310,2010-10-11,12
"180","USGS-04001000",228.689516129032,8800,1996-01-30,267
"181","USGS-04028100",1920.21052631579,9700,1973-06-20,38
"182","USGS-04032919",16.5,50,1998-06-16,4
"183","USGS-04040000",116.344709897611,3800,1995-08-29,299
"184","USGS-04043004",65.9911504424779,1400,1986-07-17,115
"185","USGS-04043018",27834,1e+05,1994-09-26,5
"186","USGS-04043060",31.5,56,1991-10-31,2
"187","USGS-04043064",101.5,190,1991-10-31,2
"188","USGS-04043065",4,7,1991-10-31,2
"189","USGS-04043068",64.25,180,1991-10-31,4
"190","USGS-04043069",47.5,52,1991-10-30,2
"191","USGS-04043070",30.5,32,1991-10-30,2
"192","USGS-04043080",23,36,1991-10-29,2
"193","USGS-04043085",21.5,36,1991-10-29,2
"194","USGS-04043090",23.5,43,1991-10-29,2
"195","USGS-04043100",45,80,1991-10-30,2
"196","USGS-04043105",22,37,1991-10-30,2
"197","USGS-04043120",7,11,1991-10-30,2
"198","USGS-040440492",400,400,1994-06-11,2
"199","USGS-040440493",NA,NA,1994-05-14,1
"200","USGS-040440494",105,200,1994-06-11,2
"201","USGS-040440495",NA,NA,1994-05-14,1
"202","USGS-040440496",NA,NA,1994-06-11,1
"203","USGS-040440498",NA,NA,1994-06-11,2
"204","USGS-040440499",855,1700,1994-06-11,2
"205","USGS-04044050",16500,42000,1994-05-14,3
"206","USGS-04044100",6.11111111111111,9,1973-06-29,11
"207","USGS-04044367",1510,2600,1993-10-28,2
"208","USGS-04044744",20.25,62,1980-05-05,4
"209","USGS-04044750",24.6666666666667,77,1981-10-22,6
"210","USGS-04044755",12.8333333333333,45,1981-10-22,6
"211","USGS-04044762",15.25,35,1980-05-06,4
"212","USGS-04044765",34.25,99,1980-05-07,4
"213","USGS-04044766",22,68,1980-05-07,4
"214","USGS-04044770",5.25,8,1981-10-20,6
"215","USGS-04044775",17.6666666666667,44,1981-10-20,6
"216","USGS-04044782",55.8333333333333,190,1981-10-21,6
"217","USGS-04044785",34,100,1981-10-21,6
"218","USGS-04044786",31.4,70,1981-10-21,6
"219","USGS-04045500",35.7727272727273,1200,1993-07-15,287
"220","USGS-04045580",11.5060606060606,230,1992-07-08,503
"221","USGS-04045581",5200,5500,1993-09-14,2
"222","USGS-04057004",23.4705882352941,410,1986-08-12,209
"223","USGS-04057005",1225.04,12500,1975-09-09,25
"224","USGS-04059000",60.8833333333333,2900,1994-09-08,332
"225","USGS-04059500",58.0258302583026,1500,1993-07-26,293
"226","USGS-04096286",291,354,1976-01-27,2
"227","USGS-04096287",220,220,1975-10-01,1
"228","USGS-04101500",2015.37362637363,22000,1995-09-22,188
"229","USGS-04101560",21.75,65,1975-08-21,6
"230","USGS-04101569",40.5,80,1974-09-10,7
"231","USGS-04102191",105,200,1972-06-21,2
"232","USGS-04102192",1695.625,13000,1972-06-21,18
"233","USGS-04102414",21.2727272727273,126,1975-08-20,15
"234","USGS-04102611",44,50,1974-09-10,9
"235","USGS-04108500",478.775280898876,13000,1994-10-06,92
"236","USGS-04108690",1231.02242152466,63000,1986-09-11,233
"237","USGS-04119300",663.526315789474,12000,1994-10-07,182
"238","USGS-04120478",775,1400,1999-08-03,4
"239","USGS-04120481",409,700,1999-08-03,4
"240","USGS-04122030",348.747081712062,12000,1990-08-01,269
"241","USGS-04122080",1057.46153846154,7500,1974-07-10,14
"242","USGS-04122209972",1145,2400,2014-09-17,6
"243","USGS-04122209986",451,1300,2014-09-17,6
"244","USGS-0412220999",365.111111111111,1700,2014-09-17,24
"245","USGS-041222099901",919.444444444444,8200,2014-09-17,22
"246","USGS-041222099902",2822.81818181818,24000,2014-09-11,12
"247","USGS-04122210",316.526315789474,2400,2014-09-17,24
"248","USGS-04126520",1459.55425219941,190000,1994-08-12,342
"249","USGS-04126755",34,57,1979-08-14,2
"250","USGS-04126758",6,8,1979-08-14,2
"251","USGS-04126765",2,3,1979-08-15,2
"252","USGS-04126767",110,110,1979-08-15,1
"253","USGS-04126802",49,65,1979-08-16,2
"254","USGS-04126810",27.5,44,1979-08-16,2
"255","USGS-041278852",78.1842105263158,600,1973-06-21,38
"256","USGS-04132052",101.448,2000,1986-09-23,255
"257","USGS-04135000",82.8109756097561,4800,1993-08-12,183
"258","USGS-04135020",31.625,210,1979-09-13,16
"259","USGS-04137500",19.5845070422535,690,1994-08-16,225
"260","USGS-04142000",409.021276595745,14000,1992-08-12,292
"261","USGS-04156100",839.79,13000,1995-08-09,100
"262","USGS-04157000",4110.90119760479,410000,2000-08-01,337
"263","USGS-04159010",2362.21818181818,1e+05,1993-08-31,169
"264","USGS-04159130",31.4032258064516,3500,1992-09-22,388
"265","USGS-04159492",645.551020408163,15000,1998-02-27,52
"266","USGS-04161820",1750.20879120879,24000,2014-12-11,196
"267","USGS-04165500",3416.86348122867,110000,1995-08-24,308
"268","USGS-04165700",39.7465564738292,4200,1986-06-25,439
"269","USGS-04166650",23902.9090909091,240000,1973-07-09,25
"270","USGS-04167250",112809.181818182,1100000,1973-07-09,25
"271","USGS-04168640",5158.61290322581,96000,1972-06-26,31
"272","USGS-04168650",460,460,1970-03-16,1
"273","USGS-04170000",1158.43396226415,8600,1986-09-25,59
"274","USGS-04170500",130.68,1500,1986-09-25,58
"275","USGS-04172105",17649.55,210000,1973-07-09,25
"276","USGS-04172200",28852.9047619048,210000,1973-07-10,25
"277","USGS-04172400",18243.3157894737,120000,1973-07-10,25
"278","USGS-04173000",20580.1538461538,1100000,1980-11-04,111
"279","USGS-04173150",63414.625,1100000,1973-07-10,25
"280","USGS-04173254",87475.6,6400000,1980-11-04,113
"281","USGS-04173310",146993.049019608,7500000,1980-11-04,113
"282","USGS-04173320",216804.136363636,4300000,1973-07-10,23
"283","USGS-04173350",27174.0776699029,1100000,1980-11-04,113
"284","USGS-04174050",228415.384615385,2e+07,1980-11-04,113
"285","USGS-04174500",14147.3913043478,110000,1973-07-09,25
"286","USGS-04174510",19240.1363636364,150000,1973-07-09,25
"287","USGS-04174518",19406.2173913043,150000,1973-07-09,25
"288","USGS-04174695",4479.59090909091,24000,1973-07-09,25
"289","USGS-04174800",40466.7741935484,2800000,1980-11-03,113
"290","USGS-04174900",22386.338028169,1100000,1980-11-03,111
"291","USGS-04175280",12594.2842105263,110000,1973-07-11,25
"292","USGS-04175290",27891.0454545455,120000,1973-07-11,25
"293","USGS-04175330",111928.151515152,1100000,1973-07-11,39
"294","USGS-04175597",6823.15789473684,110000,1980-11-04,92
"295","USGS-04175600",102.039215686275,1100,1998-02-26,53
"296","USGS-04175610",7455.07246376812,110000,1980-11-05,76
"297","USGS-04175630",23385.652173913,240000,1973-07-11,25
"298","USGS-04175650",39493.5,460000,1973-07-11,24
"299","USGS-04176350",112538.285714286,1100000,1973-07-11,25
"300","USGS-04176365",5894.74626865672,46000,1980-11-03,75
"301","USGS-04176370",94282.5238095238,1100000,1973-07-11,23
"302","USGS-04176399",18581,110000,1973-07-11,25
"303","USGS-04176418",97173.3333333333,7500000,1980-11-03,99
"304","USGS-04176500",756.666666666667,8800,1995-08-23,185
"305","USGS-414939084583300",602,1800,1978-06-23,4
"306","USGS-415223084140101",255000,360000,2008-10-21,2
"307","USGS-415224084141108",970,1300,2008-11-25,2
"308","USGS-415230084140602",20,20,2008-10-21,2
"309","USGS-415230084142607",80.25,260,2008-11-25,4
"310","USGS-415233084140603",10,10,2008-10-21,2
"311","USGS-415830085015900",3601.5,7200,1977-06-23,2
"312","USGS-415913085014300",5100,5100,1977-06-23,2
"313","USGS-420003084444501",234,234,1975-10-01,1
"314","USGS-420003084444502",997635,2700000,1976-01-27,4
"315","USGS-420003084444503",3,3,1975-11-12,1
"316","USGS-420410086121400",11.5,18,1978-06-21,2
"317","USGS-420421086122100",10,17,1978-06-21,2
"318","USGS-420447086125500",4.5,7,1978-06-20,2
"319","USGS-420453086122500",1.5,2,1978-06-20,2
"320","USGS-421005085584000",7.5,14,1978-06-22,2
"321","USGS-421020085583500",58,58,1978-06-22,2
"322","USGS-421123085570400",491.5,980,1977-06-20,2
"323","USGS-421150085570000",502,1000,1977-06-20,2
"324","USGS-421210083474501",NA,NA,1997-06-09,2
"325","USGS-421222083450501",NA,NA,1997-06-09,3
"326","USGS-421240083472201",NA,NA,1997-06-10,3
"327","USGS-421424086122601",17,17,1976-06-29,3
"328","USGS-421426085544701",23.3333333333333,36,1976-06-30,3
"329","USGS-421433085544201",16,20,1976-06-30,3
"330","USGS-421433086121401",100,100,1976-06-29,3
"331","USGS-421600085350001",NA,NA,2013-08-28,3
"332","USGS-421828083523501",17,17,2000-06-26,11
"333","USGS-422055085510800",1652.5,3300,1977-06-21,2
"334","USGS-422103085512500",2102,4200,1977-06-21,2
"335","USGS-422219085535000",753.5,1500,1977-06-22,2
"336","USGS-422243085541300",1000.5,2000,1977-06-22,2
"337","USGS-422302083542501",NA,NA,2000-08-22,15
"338","USGS-422308083542801",NA,NA,1997-06-10,3
"339","USGS-422547083455101",1,1,2000-07-17,11
"340","USGS-422756083405001",NA,NA,1997-07-10,1
"341","USGS-422806083493701",1.5,2,1997-06-11,4
"342","USGS-422947083330000",NA,NA,1999-12-14,7
"343","USGS-423004083463001",4.66666666666667,12,1997-06-11,5
"344","USGS-423015083304800",1,1,1999-12-15,8
"345","USGS-423020083390101",NA,NA,1997-06-16,3
"346","USGS-423051083385301",NA,NA,2000-05-17,6
"347","USGS-423102083433901",1,1,2000-08-02,11
"348","USGS-423130083314301",9,9,2000-05-15,11
"349","USGS-423133083421201",NA,NA,1997-06-12,3
"350","USGS-423137083434501",NA,NA,1997-06-12,2
"351","USGS-423152083475901",NA,NA,2000-07-26,9
"352","USGS-423157083205100",5,5,2000-08-29,15
"353","USGS-423200084490001",NA,NA,2013-08-29,3
"354","USGS-423209083431301",NA,NA,1997-07-07,2
"355","USGS-423238083291500",NA,NA,2000-06-27,12
"356","USGS-423244083434401",1,1,1997-06-16,4
"357","USGS-423248083324400",4,4,1999-12-09,7
"358","USGS-423305083285200",NA,NA,2000-06-28,11
"359","USGS-423402083272701",NA,NA,1997-07-10,1
"360","USGS-423422083305601",NA,NA,1997-07-08,2
"361","USGS-423427083274701",NA,NA,1997-07-17,1
"362","USGS-423429083453001",NA,NA,1997-07-07,2
"363","USGS-423504083460900",8,8,1999-12-02,8
"364","USGS-423516083460800",2,2,1999-07-06,4
"365","USGS-423555083331600",NA,NA,2000-05-23,11
"366","USGS-423559083393903",NA,NA,2000-09-20,15
"367","USGS-423854083361800",NA,NA,2000-05-16,11
"368","USGS-423958083331001",NA,NA,1997-07-09,2
"369","USGS-424014083361601",NA,NA,1997-07-09,2
"370","USGS-424026083084601",1,1,1997-06-17,4
"371","USGS-424242083041801",1,1,1997-06-17,4
"372","USGS-424258083223301",NA,NA,1997-07-15,1
"373","USGS-424337083074501",NA,NA,2000-08-21,11
"374","USGS-424354083100500",NA,NA,2000-06-12,11
"375","USGS-424413083252300",NA,NA,2000-07-19,11
"376","USGS-424417083221400",NA,NA,2000-08-28,16
"377","USGS-424435083271201",1.5,2,2000-01-03,8
"378","USGS-424450083280301",35.8,88,2000-08-14,16
"379","USGS-424527083243002",NA,NA,2000-08-09,12
"380","USGS-424531083065100",18,18,2000-06-13,12
"381","USGS-424536083282301",NA,NA,1997-07-15,1
"382","USGS-424539083113300",NA,NA,2000-06-14,11
"383","USGS-424555083245901",NA,NA,2000-09-05,16
"384","USGS-424614083175301",6,10,1997-06-18,5
"385","USGS-424729083161601",NA,NA,1997-06-18,3
"386","USGS-424747083202901",NA,NA,1997-06-19,3
"387","USGS-424819083100901",126,250,2000-05-08,9
"388","USGS-424819083222501",NA,NA,1997-06-19,3
"389","USGS-424820083175700",NA,NA,2000-08-15,15
"390","USGS-424833083161501",NA,NA,2000-07-12,11
"391","USGS-424839083022401",NA,NA,2000-07-25,11
"392","USGS-424900083150001",NA,NA,2013-09-03,3
"393","USGS-424905083212701",NA,NA,1997-07-16,2
"394","USGS-424908083151903",4,4,2000-08-01,11
"395","USGS-424915083174400",NA,NA,2000-05-30,11
"396","USGS-432500082320001",NA,NA,2013-09-04,3
"397","USGS-433936086304302",1,1,2014-12-03,16
"398","USGS-433946086304803",62,410,2013-11-05,10
"399","USGS-433952086300803",78.8571428571429,460,2013-11-05,10
"400","USGS-434006086301103",66.5714285714286,370,2013-11-05,10
"401","USGS-434012086294103",52.6,390,2013-11-05,10
"402","USGS-434014086292702",1,1,2014-12-04,16
"403","USGS-434020086302801",2,2,2014-12-03,16
"404","USGS-434025086300303",77,490,2013-11-05,10
"405","USGS-434041086295802",1.33333333333333,2,2014-12-04,16
"406","USGS-435000084510001",NA,NA,2013-08-26,3
"407","USGS-435200084280001",NA,NA,2013-08-27,3
"408","USGS-442533084410604",4,10,2000-07-25,6
"409","USGS-442617084400604",1,1,1998-08-18,2
"410","USGS-442621083241202",3,5,1980-07-14,2
"411","USGS-442629083210901",NA,NA,1980-07-15,2
"412","USGS-442629084421704",37.25,120,2000-07-25,4
"413","USGS-442631083250901",NA,NA,1980-07-16,2
"414","USGS-442639083233701",1,1,1980-07-16,2
"415","USGS-442640084400004",3,8,2000-07-25,7
"416","USGS-442649083205501",1,1,1980-07-15,2
"417","USGS-442649083220701",3,3,1980-07-15,2
"418","USGS-442653083212401",NA,NA,1980-07-15,2
"419","USGS-442701083212602",NA,NA,1980-07-15,2
"420","USGS-442702083215402",NA,NA,1980-07-15,2
"421","USGS-442702083225701",1,1,1980-07-16,2
"422","USGS-442708083214401",NA,NA,1980-07-15,2
"423","USGS-442711083211201",NA,NA,1980-07-15,2
"424","USGS-442713083212902",1,1,1980-07-15,2
"425","USGS-442714083215601",1,1,1980-07-16,2
"426","USGS-442717084401504",1,1,1998-08-18,2
"427","USGS-442722083210801",NA,NA,1980-07-15,2
"428","USGS-442723083212301",NA,NA,1980-07-15,2
"429","USGS-442728083212201",NA,NA,1980-07-15,2
"430","USGS-442735083213101",NA,NA,1980-07-15,2
"431","USGS-442736083240201",NA,NA,1980-07-14,2
"432","USGS-442739083213301",NA,NA,1980-07-15,2
"433","USGS-442741083220601",NA,NA,1980-07-16,2
"434","USGS-442748084444504",6.4,14,2000-07-26,7
"435","USGS-442748084450604",43.4,150,2000-07-26,7
"436","USGS-442753083230001",NA,NA,1980-07-16,2
"437","USGS-442754083222401",NA,NA,1980-07-16,2
"438","USGS-442755084404404",1,1,1998-08-18,2
"439","USGS-442756083215901",NA,NA,1980-07-16,2
"440","USGS-442803084411604",21,36,2000-07-25,6
"441","USGS-442803084461204",4.33333333333333,14,2000-07-24,7
"442","USGS-442804083221402",11,11,1980-07-14,2
"443","USGS-442806083220301",NA,NA,1980-07-16,2
"444","USGS-442810083222201",NA,NA,1980-07-14,2
"445","USGS-442811084430704",9.5,17,1998-08-19,2
"446","USGS-442812083230501",NA,NA,1980-07-16,2
"447","USGS-442815084412904",331.666666666667,920,2000-07-26,5
"448","USGS-442816083230502",NA,NA,1980-09-17,2
"449","USGS-442817083225002",NA,NA,1980-07-16,2
"450","USGS-442819083224101",NA,NA,1980-09-17,2
"451","USGS-442820083225701",2,2,1980-07-15,2
"452","USGS-442820083225702",10,10,1980-07-15,2
"453","USGS-442851084433004",2,2,1998-08-19,2
"454","USGS-442940084414904",12.25,27,2000-07-24,7
"455","USGS-442958084462804",1,1,1998-07-06,1
"456","USGS-443019084461304",5,8,2000-07-24,6
"457","USGS-443027084460604",6.16666666666667,16,2000-07-24,7
"458","USGS-444340086091501",NA,NA,1979-09-24,2
"459","USGS-444414086034301",NA,NA,1979-09-26,2
"460","USGS-444525086034001",NA,NA,1979-09-26,2
"461","USGS-444915086032501",NA,NA,1979-09-25,2
"462","USGS-445007086034001",1,1,1979-08-15,2
"463","USGS-445331085564501",16,21,1979-08-17,2
"464","USGS-445348086011801",NA,NA,1979-09-25,2
"465","USGS-445400085020001",NA,NA,2014-08-14,3
"466","USGS-445512085530801",1,1,1979-08-16,2
"467","USGS-455907086185401",231.4,1100,1979-09-06,27
"468","USGS-460000088235501",NA,NA,2003-06-24,2
"469","USGS-460308088130601",NA,NA,2003-06-24,2
"470","USGS-460600088330001",NA,NA,2014-08-13,3
"471","USGS-461100086570001",NA,NA,2014-08-21,3
"472","USGS-461500085550001",NA,NA,2014-08-18,3
"473","USGS-461703088043901",NA,NA,2003-06-26,2
"474","USGS-461739087192201",NA,NA,2003-06-25,2
"475","USGS-462000085560001",NA,NA,2014-08-19,3
"476","USGS-462400086390001",NA,NA,2014-08-20,3
"477","USGS-462416088191901",NA,NA,2003-06-25,2
"478","USGS-462934087405501",7500,12000,1993-09-13,3
"479","USGS-463000090010001",NA,NA,2014-08-12,3
"480","USGS-463038086330301",NA,NA,1980-07-17,2
"481","USGS-463145086270501",6,10,1980-05-07,4
"482","USGS-463400086202001",9,20,1981-10-20,6
"483","USGS-463503086132501",4,6,1981-10-20,6
"484","USGS-463813086023001",4.33333333333333,6,1981-10-21,6
"485","USGS-464912088285401",26.5,33,1991-08-21,2
